Date,Rainfall(inch),Temperature(0.9m,Temperature(1.8m),Air Temp,Air Temp
10/3/2016,0,25.567,26.171,F,C
10/4/2016,0,25.713,26.1,75.9,24.38888889
10/5/2016,0.06,25.946,26.1,78.6,25.88888889
10/6/2016,0.39,26.446,26.158,82.6,28.11111111
10/7/2016,0,26.663,26.3,82.8,28.22222222
10/8/2016,0,25.85,26.258,72.3,22.38888889
10/9/2016,0,25.046,25.929,65.6,18.66666667
10/10/2016,0,24.421,25.542,65.5,18.61111111
10/11/2016,0,24.133,25.221,68.4,20.22222222
10/12/2016,0,24.383,25.017,73.3,22.94444444
10/13/2016,0.43,24.962,25.046,80.4,26.88888889
10/14/2016,0,24.862,25.1,68.5,20.27777778
10/15/2016,0,24.375,25.004,67.4,19.66666667
10/16/2016,0,24.404,24.896,76.3,24.61111111
10/17/2016,0,24.692,24.875,80.8,27.11111111
10/18/2016,0,24.979,24.929,81.4,27.44444444
10/19/2016,0.27,25.354,25.046,82.4,28
10/20/2016,0,25.596,25.204,82.1,27.83333333
10/21/2016,0,25.008,25.246,75,23.88888889
10/22/2016,0,24.088,24.971,64.7,18.16666667
10/23/2016,0,23.475,24.588,64.2,17.88888889
10/24/2016,0,23.287,24.263,68.1,20.05555556
10/25/2016,0,23.425,24.1,73.8,23.22222222
10/26/2016,0,23.454,24.038,72.3,22.38888889
10/27/2016,0,23.638,24,73.5,23.05555556
10/28/2016,0,23.892,24.05,76.6,24.77777778
10/29/2016,0,23.962,24.1,75.9,24.38888889
10/30/2016,0,24.033,24.113,76.9,24.94444444
10/31/2016,0,24.15,24.171,76.2,24.55555556
11/1/2016,0,24.2,24.2,75.8,24.33333333
11/2/2016,1.1,24.321,24.258,77.2,25.11111111
11/3/2016,0,24.396,24.337,77.7,25.38888889
11/4/2016,0,24.029,24.3,72.6,22.55555556
11/5/2016,0.15,23.612,24.142,70.4,21.33333333
11/6/2016,0.09,23.025,23.921,67.7,19.83333333
11/7/2016,0.1,22.429,23.613,64.9,18.27777778
11/8/2016,0,22.05,23.283,65.1,18.38888889
11/9/2016,0,21.746,23.013,64.4,18
11/10/2016,0,21.396,22.762,64.2,17.88888889
11/11/2016,0,21.046,22.483,61.3,16.27777778
11/12/2016,0,20.837,22.229,63.6,17.55555556
11/13/2016,0,20.621,22.021,62,16.66666667
11/14/2016,0,20.404,21.8,61.2,16.22222222
11/15/2016,0,20.442,21.625,66,18.88888889
11/16/2016,0,20.492,21.596,65.9,18.83333333
11/17/2016,0.03,20.675,21.504,69.9,21.05555556
11/18/2016,0,20.871,21.554,70.3,21.27777778
11/19/2016,0,20.7,21.596,66.8,19.33333333
11/20/2016,0,19.838,21.362,50.4,10.22222222
11/21/2016,0,19.029,20.954,49,9.444444444
11/22/2016,0,18.875,20.579,57.6,14.22222222
11/23/2016,0,19.075,20.417,66,18.88888889
11/24/2016,0,18.946,20.362,61.6,16.44444444
11/25/2016,0,18.604,20.175,56.5,13.61111111
11/26/2016,0,18.267,19.971,58.2,14.55555556
11/27/2016,0,18.192,19.758,54.8,12.66666667
11/28/2016,0,18.321,19.65,58.5,14.72222222
11/29/2016,0,18.521,19.683,68.5,20.27777778
11/30/2016,0,18.246,19.6,63.7,17.61111111
12/1/2016,0,17.758,19.433,54.9,12.72222222
12/2/2016,0.51,17.221,19.146,51.9,11.05555556
12/3/2016,0.07,16.929,18.862,55.1,12.83333333
12/4/2016,0.09,16.517,18.563,51.9,11.05555556
12/5/2016,0.01,16.188,18.292,49.8,9.888888889
12/6/2016,0,15.9,18.025,50.1,10.05555556
12/7/2016,0,15.671,17.787,50.7,10.38888889
12/8/2016,0,15.312,17.533,47.7,8.722222222
12/9/2016,0,14.492,17.25,39,3.888888889
12/10/2016,0,13.537,16.742,33.7,0.944444444
12/11/2016,0,13.212,16.25,41,5
12/12/2016,0,13.733,16.004,56.8,13.77777778
12/13/2016,0,14.067,16,51.4,10.77777778
12/14/2016,0,14.146,16,51.7,10.94444444
12/15/2016,0,13.954,15.967,46,7.777777778
12/16/2016,0,13.642,15.817,41.3,5.166666667
12/17/2016,0,13.854,15.7,51.3,10.72222222
12/18/2016,0,14.321,15.767,60.6,15.88888889
12/19/2016,0,13.283,15.7,24.3,-4.277777778
12/20/2016,0,12.338,15.267,26,-3.333333333
12/21/2016,0,12.067,14.871,40.1,4.5
12/22/2016,0.03,12.258,14.621,51.7,10.94444444
12/23/2016,0.01,12.571,14.6,53.1,11.72222222
12/24/2016,0,12.837,14.6,48.2,9
12/25/2016,0,13.817,14.754,60.7,15.94444444
12/26/2016,0,14.942,15.162,72.3,22.38888889
12/27/2016,0,15.633,15.654,71.2,21.77777778
12/28/2016,0,15.8,16.008,61.2,16.22222222
12/29/2016,0,16.088,16.258,68.8,20.44444444
12/30/2016,0,15.8,16.425,57.4,14.11111111
12/31/2016,0.02,15.254,16.362,49.6,9.777777778
1/1/2017,0.29,15.171,16.221,56.9,13.83333333
1/2/2017,0,15.212,16.2,54.5,12.5
1/3/2017,0,15.45,16.221,64.2,17.88888889
1/4/2017,0,15.063,16.242,54.6,12.55555556
1/5/2017,0,14.108,16.008,37.1,2.833333333
1/6/2017,0,13.196,15.604,37.1,2.833333333
1/7/2017,0,12.113,15.1,26.1,-3.277777778
1/8/2017,0,11.183,14.487,23.6,-4.666666667
1/9/2017,0,10.746,13.938,34.2,1.222222222
1/10/2017,0,11.25,13.621,48.1,8.944444444
1/11/2017,0,12.446,13.708,66.7,19.27777778
1/12/2017,0.07,13.558,14.113,67.2,19.55555556
1/13/2017,0,14.433,14.587,70.5,21.38888889
1/14/2017,0.82,14.296,14.937,49.4,9.666666667
1/15/2017,0.2,13.837,14.975,42.4,5.777777778
1/16/2017,0.3,13.783,14.483,49.8,9.888888889
1/17/2017,0.41,14.162,14.854,57.7,14.27777778
1/18/2017,0,13.796,14.9,50.2,10.11111111
1/19/2017,0,13.6,14.829,49.1,9.5
1/20/2017,0,13.692,14.8,54.4,12.44444444
1/21/2017,0,13.875,14.813,61,16.11111111
1/22/2017,0,13.992,14.9,60.2,15.66666667
1/23/2017,0,13.833,14.9,57.6,14.22222222
1/24/2017,0,13.625,14.85,53.6,12
1/25/2017,0,14,14.837,62.6,17
1/26/2017,0,14.017,14.937,57,13.88888889
1/27/2017,0,13.404,14.867,43.6,6.444444444
1/28/2017,0,12.896,14.621,43.9,6.611111111
1/29/2017,0,12.713,14.412,46.4,8
1/30/2017,0,12.85,14.279,52.3,11.27777778
1/31/2017,0,13.242,14.287,58.7,14.83333333
2/1/2017,0,13.662,14.437,63.3,17.38888889
2/2/2017,0,14.179,14.625,65.8,18.77777778
2/3/2017,0,14.071,14.8,51.1,10.61111111
2/4/2017,0,13.85,14.8,45.9,7.722222222
2/5/2017,0,13.658,14.733,48.1,8.944444444
2/6/2017,0,14.25,14.758,57.5,14.16666667
2/7/2017,0,15.158,15.033,71.6,22
2/8/2017,0,15.725,15.429,72.3,22.38888889
2/9/2017,0,15.733,15.725,62.9,17.16666667
2/10/2017,0,15.333,15.8,48.3,9.055555556
2/11/2017,0,15.371,15.754,58.7,14.83333333
2/12/2017,0,16.183,15.913,73.3,22.94444444
2/13/2017,1.2,16.579,16.242,71.3,21.83333333
2/14/2017,0,16.529,16.467,61.9,16.61111111
2/15/2017,0,15.712,16.442,49.4,9.666666667
2/16/2017,0,15.108,16.179,48.6,9.222222222
2/17/2017,0,14.767,15.917,51.9,11.05555556
2/18/2017,0,14.896,15.8,59,15
2/19/2017,0.66,15.533,15.837,66.6,19.22222222
2/20/2017,0,15.979,16.033,68.4,20.22222222
2/21/2017,0,16,16.2,63.9,17.72222222
2/22/2017,0,16.058,16.262,62.3,16.83333333
2/23/2017,0,16.15,16.35,64.4,18
2/24/2017,0,16.538,16.475,71.8,22.11111111
2/25/2017,0.03,16.621,16.663,63.5,17.5
2/26/2017,0.01,16.013,16.658,47.5,8.611111111
2/27/2017,0,15.567,16.462,51.8,11
2/28/2017,0,16.054,16.4,67,19.44444444
3/1/2017,0,16.8,16.579,74.1,23.38888889
3/2/2017,0,16.946,16.854,66.7,19.27777778
3/3/2017,0.01,16.529,16.9,54.6,12.55555556
3/4/2017,0.06,16.304,16.812,56.8,13.77777778
3/5/2017,0,15.992,16.733,58.2,14.55555556
3/6/2017,0.01,16,16.604,55.9,13.27777778
3/7/2017,0,16.7,16.683,70,21.11111111
3/8/2017,0,16.871,16.925,67.8,19.88888889
3/9/2017,0,16.883,17,60.1,15.61111111
3/10/2017,0.1,17.287,17.133,70,21.11111111
3/11/2017,0,17.658,17.342,68.9,20.5
3/12/2017,0.06,17.712,17.554,67.8,19.88888889
3/13/2017,0,16.929,17.513,48.5,9.166666667
3/14/2017,0,16.604,17.321,54,12.22222222
3/15/2017,0,16.317,17.15,50.4,10.22222222
3/16/2017,0,16.304,17,55,12.77777778
3/17/2017,0,16.513,17,61.2,16.22222222
3/18/2017,0,17.025,17.079,71.2,21.77777778
3/19/2017,0,17.709,17.326,73.5,23.05555556
3/20/2017,0,18.229,17.642,73.4,23
3/21/2017,0,18.817,17.983,76.2,24.55555556
3/22/2017,0,19.242,18.317,75.9,24.38888889
3/23/2017,0.22,19.563,18.613,74.4,23.55555556
3/24/2017,0,19.846,18.879,74.1,23.38888889
3/25/2017,0,19.554,19.063,70,21.11111111
3/26/2017,0,19.271,19.038,65.1,18.38888889
3/27/2017,0,19.337,19.017,67,19.44444444
3/28/2017,0.45,19.729,19.154,69.7,20.94444444
3/29/2017,0,19.767,19.262,69.7,20.94444444
3/30/2017,0,19.887,19.375,72.5,22.5
3/31/2017,0,19.817,19.45,64.4,18
4/1/2017,1.09,19.879,19.5,69.9,21.05555556
4/2/2017,0,19.887,19.554,70.3,21.27777778
4/3/2017,0,19.579,19.571,66.9,19.38888889
4/4/2017,0,19.554,19.5,64.5,18.05555556
4/5/2017,0,19.65,19.5,73.3,22.94444444
4/6/2017,0,19.413,19.5,63.9,17.72222222
4/7/2017,0,19.179,19.408,63,17.22222222
4/8/2017,0,19.188,19.4,66.9,19.38888889
4/9/2017,0.28,19.483,19.4,71.9,22.16666667
4/10/2017,0.04,19.771,19.487,73.9,23.27777778
4/11/2017,0,19.921,19.629,74.2,23.44444444
4/12/2017,0,19.9,19.7,68.1,20.05555556
4/13/2017,0,19.879,19.713,69.4,20.77777778
4/14/2017,0,19.917,19.792,71.7,22.05555556
4/15/2017,0,20.092,19.837,74,23.33333333
4/16/2017,1.37,20.271,19.933,73.8,23.22222222
4/17/2017,0.01,20.392,20.038,74.2,23.44444444
4/18/2017,0.01,20.362,20.1,71.1,21.72222222
4/19/2017,0,20.392,20.154,70.5,21.38888889
4/20/2017,0,20.529,20.221,73.4,23
4/21/2017,0.01,20.771,20.333,76.9,24.94444444
4/22/2017,0,20.887,20.454,76.7,24.83333333
4/23/2017,0,20.483,20.496,62.6,17
4/24/2017,0,20.033,20.346,60.4,15.77777778
4/25/2017,0.72,19.912,20.213,65.3,18.5
4/26/2017,0,20.292,20.2,73.1,22.83333333
4/27/2017,0,20.292,20.279,70.2,21.22222222
4/28/2017,0.03,19.967,20.213,61.1,16.16666667
4/29/2017,0.04,20.313,20.208,75.1,23.94444444
4/30/2017,0,20.713,20.35,80.7,27.05555556
5/1/2017,0,20.333,20.4,58.5,14.72222222
5/2/2017,0.17,20.104,20.321,64.3,17.94444444
5/3/2017,0,20.408,20.3,74.8,23.77777778
5/4/2017,0,20.437,20.396,73.6,23.11111111
5/5/2017,0,20.225,20.4,63.8,17.66666667
5/6/2017,0,20.138,20.325,67.1,19.5
5/7/2017,0,20.196,20.3,71.2,21.77777778
5/8/2017,0,20.479,20.342,75.5,24.16666667
5/9/2017,0,20.787,20.479,75.4,24.11111111
5/10/2017,0,21.125,20.638,75.3,24.05555556
5/11/2017,0,21.304,20.787,76.1,24.5
5/12/2017,0,21.567,20.9,78.2,25.66666667
5/13/2017,0,21.638,,72.6,22.55555556
5/14/2017,0,21.7,,72.8,22.66666667
5/15/2017,0,21.896,,76.3,24.61111111
5/16/2017,0.18,22.217,,79.6,26.44444444
5/17/2017,0,22.358,,77.9,25.5
5/18/2017,0,22.567,,79.7,26.5
5/19/2017,0.19,22.837,,83.1,28.38888889
5/20/2017,0.26,22.962,,81.7,27.61111111
5/21/2017,0.23,22.792,,75.4,24.11111111
5/22/2017,0.09,22.342,,72.5,22.5
5/23/2017,0,22.088,,71.4,21.88888889
5/24/2017,0,21.821,,68.3,20.16666667
5/25/2017,0,21.654,,67.3,19.61111111
5/26/2017,0,21.808,,75.9,24.38888889
5/27/2017,0.34,22.404,,83.8,28.77777778
5/28/2017,0,22.85,,84.5,29.16666667
5/29/2017,0,22.85,,78.2,25.66666667
5/30/2017,0,22.754,,77.6,25.33333333
5/31/2017,0,22.812,,78.8,26
6/1/2017,0.48,23.104,,81,27.22222222
6/2/2017,0.33,23.408,,79.2,26.22222222
6/3/2017,0.17,23.271,,75.2,24
6/4/2017,0.13,23.071,,72.5,22.5
6/5/2017,0.07,23.054,,77.6,25.33333333
6/6/2017,0.03,23.017,,74.9,23.83333333
6/7/2017,0,23.233,,80.7,27.05555556
6/8/2017,0.08,23.446,22.962,82.1,27.83333333
6/9/2017,0.05,23.421,23,80.2,26.77777778
6/10/2017,0.03,23.058,22.992,74.1,23.38888889
6/11/2017,0.03,23.125,22.904,77.7,25.38888889
6/12/2017,0,23.379,22.971,81.5,27.5
6/13/2017,0,23.733,23.063,83.5,28.61111111
6/14/2017,0,24.129,23.238,85,29.44444444
6/15/2017,0,24.392,23.446,85.3,29.61111111
6/16/2017,0,24.683,23.625,86,30
6/17/2017,0,25.067,23.867,87.7,30.94444444
6/18/2017,0.32,25.296,24.092,86.4,30.22222222
6/19/2017,0,25.513,24.283,86.3,30.16666667
6/20/2017,0,25.358,24.425,83.9,28.83333333
6/21/2017,0,25.233,24.5,83.9,28.83333333
6/22/2017,0,25.262,24.5,83.9,28.83333333
6/23/2017,1.64,25.254,24.538,81.9,27.72222222
6/24/2017,0,25.5,24.629,87.1,30.61111111
6/25/2017,0,25.158,24.683,79.4,26.33333333
6/26/2017,0.05,24.908,24.588,79.3,26.27777778
6/27/2017,0,24.812,24.5,79.8,26.55555556
6/28/2017,0,25.013,24.5,81.4,27.44444444
6/29/2017,0,25.163,24.571,81.2,27.33333333
6/30/2017,0.15,25.229,24.629,82.9,28.27777778
7/1/2017,0,25.571,24.75,87.1,30.61111111
7/2/2017,0,25.375,24.8,78.9,26.05555556
7/3/2017,0.25,25.387,24.825,83.2,28.44444444
7/4/2017,0.05,25.563,24.9,86.9,30.5
7/5/2017,0.06,25.6,24.95,83.1,28.38888889
7/6/2017,0.01,25.663,25.046,86,30
7/7/2017,0,25.783,25.1,81.4,27.44444444
7/8/2017,0,25.875,25.167,85.6,29.77777778
7/9/2017,0,25.975,25.258,85.8,29.88888889
7/10/2017,0,25.896,25.3,82.8,28.22222222
7/11/2017,0,25.867,25.3,81.8,27.66666667
7/12/2017,0,26.092,25.367,86.7,30.38888889
7/13/2017,0,26.383,25.487,87.2,30.66666667
7/14/2017,0,26.629,25.638,87.5,30.83333333
7/15/2017,0,26.829,25.771,88.9,31.61111111
7/16/2017,0,26.675,25.862,85.9,29.94444444
7/17/2017,0,26.842,25.921,86.9,30.5
7/18/2017,0,27.046,26.038,86.9,30.5
7/19/2017,0,27.3,26.175,88.4,31.33333333
7/20/2017,0,27.538,26.346,89.3,31.83333333
7/21/2017,0,27.775,26.529,90.3,32.38888889
7/22/2017,0,27.971,26.696,90.7,32.61111111
7/23/2017,0,28.25,26.867,90.5,32.5
7/24/2017,0,28.329,27.021,89.7,32.05555556
7/25/2017,0,27.825,27.038,81.7,27.61111111
7/26/2017,0,27.721,27,85.9,29.94444444
7/27/2017,0,27.9,27.025,88.7,31.5
7/28/2017,0,28.229,27.133,90.7,32.61111111
7/29/2017,0,28.404,27.238,91.6,33.11111111
7/30/2017,0,28.529,27.371,91.7,33.16666667
7/31/2017,0,28.504,27.442,86.7,30.38888889
8/1/2017,0.43,28.387,27.5,83.4,28.55555556
8/2/2017,0,28.154,27.421,84.7,29.27777778
8/3/2017,0,27.471,27.292,77.1,25.05555556
8/4/2017,0,27.158,27.054,80.8,27.11111111
8/5/2017,0,27.15,26.962,85.6,29.77777778
8/6/2017,0.02,27.304,26.925,86.3,30.16666667
8/7/2017,0,27.546,27,88.7,31.5
8/8/2017,0,27.383,27,83.1,28.38888889
8/9/2017,0,27.008,26.917,81.3,27.38888889
8/10/2017,0,26.854,26.771,82.7,28.16666667
8/11/2017,0.19,27.108,26.742,86.1,30.05555556
8/12/2017,0,27.404,26.829,89.7,32.05555556
8/13/2017,0.26,27.521,26.912,87.6,30.88888889
8/14/2017,0,27.308,26.9,81.3,27.38888889
8/15/2017,0,27.142,26.829,83.6,28.66666667
8/16/2017,0.13,27.071,26.8,86.6,30.33333333
8/17/2017,0,27.188,26.8,88.1,31.16666667
8/18/2017,0,27.254,26.8,84.9,29.38888889
8/19/2017,0,27.433,26.867,83.1,28.38888889
8/20/2017,0,27.775,27.029,87.8,31
8/21/2017,0,28.158,27.183,89.9,32.16666667
8/22/2017,0,28.354,27.358,87.8,31
8/23/2017,0,28.542,27.525,88.2,31.22222222
8/24/2017,0,28.425,27.6,85.3,29.61111111
8/25/2017,0,28.246,27.6,82.8,28.22222222
8/26/2017,0.49,27.892,27.563,81.9,27.72222222
8/27/2017,0,27.192,27.358,78.5,25.83333333
8/28/2017,0,26.692,27.063,77.5,25.27777778
8/29/2017,0,26.412,26.821,78.5,25.83333333
8/30/2017,0,26.408,26.633,78.9,26.05555556
8/31/2017,0,26.513,26.6,80.3,26.83333333
9/1/2017,0,26.696,26.6,80.8,27.11111111
9/2/2017,0,26.842,26.621,80.5,26.94444444
9/3/2017,0,27.096,26.704,83.5,28.61111111
9/4/2017,0,27.462,26.833,85.2,29.55555556
9/5/2017,0,27.754,27.013,85.5,29.72222222
9/6/2017,0,27.875,27.154,84.6,29.22222222
9/7/2017,0,27.617,27.2,76.9,24.94444444
9/8/2017,0,27.271,27.133,73.2,22.88888889
9/9/2017,0,27.033,27.021,74.8,23.77777778
9/10/2017,0,26.933,26.921,75.7,24.27777778
9/11/2017,0,26.896,26.817,75.7,24.27777778
9/12/2017,0,26.829,26.792,75.2,24
9/13/2017,0,26.796,26.713,74.6,23.66666667
9/14/2017,0,26.858,26.692,75.6,24.22222222
9/15/2017,0,27.154,26.725,81.4,27.44444444
9/16/2017,0,27.508,26.846,83.6,28.66666667
9/17/2017,0,27.862,27.033,83.7,28.72222222
9/18/2017,0,28.096,27.2,84.4,29.11111111
9/19/2017,0,28.246,27.337,84.6,29.22222222
9/20/2017,0,28.483,27.4,85.3,29.61111111
9/21/2017,0,28.746,,87.2,30.66666667
9/22/2017,0,28.879,,87,30.55555556
9/23/2017,0,28.762,27.9,83.2,28.44444444
9/24/2017,0,28.758,27.908,84,28.88888889
9/25/2017,0,28.721,27.937,83.2,28.44444444
9/26/2017,0,28.646,27.95,82.6,28.11111111
9/27/2017,0,28.604,27.908,83.5,28.61111111
9/28/2017,0.08,28.55,27.9,82.7,28.16666667
9/29/2017,0,28,27.833,74,23.33333333
9/30/2017,0,27.104,27.546,70.5,21.38888889
10/1/2017,0,26.642,27.204,73.6,23.11111111
10/2/2017,0.56,26.563,26.942,75.9,24.38888889
10/3/2017,0.18,26.688,26.808,80.2,26.77777778
10/4/2017,0,26.654,26.717,80.2,26.77777778
10/5/2017,0,26.508,26.604,79.1,26.16666667
10/6/2017,0,26.325,26.508,79.6,26.44444444
10/7/2017,0,26.312,26.4,79.6,26.44444444
10/8/2017,0,25.996,26.312,78.9,26.05555556
10/9/2017,0.14,25.971,26.196,74.4,23.55555556
10/10/2017,0,26.254,26.167,82.8,28.22222222
10/11/2017,0,25.358,26.063,66.1,18.94444444
10/12/2017,0,24.596,25.663,62.5,16.94444444
10/13/2017,0,24.567,25.337,71.3,21.83333333
10/14/2017,0.13,24.946,25.238,80.6,27
10/15/2017,0,25.362,25.342,82.2,27.88888889
10/16/2017,0,24.988,25.387,73.9,23.27777778
10/17/2017,0,24.192,25.15,62.2,16.77777778
10/18/2017,0,23.625,24.817,61.7,16.5
10/19/2017,0,23.387,24.513,66.5,19.16666667
10/20/2017,0,23.375,24.321,70.9,21.61111111
10/21/2017,0.8,23.379,24.196,72.7,22.61111111
10/22/2017,0,23.638,24.1,77.3,25.16666667
10/23/2017,0,23.287,24.096,70.3,21.27777778
10/24/2017,0,22.75,23.9,64.7,18.16666667
10/25/2017,0,22.358,23.646,65.4,18.55555556
10/26/2017,0,22.063,23.387,61.5,16.38888889
10/27/2017,0,22.096,23.196,69.3,20.72222222
10/28/2017,0,21.558,23.029,57.7,14.27777778
10/29/2017,0,20.637,22.608,46.7,8.166666667
10/30/2017,0.06,20.367,22.2,55.2,12.88888889
10/31/2017,0.06,20.538,21.979,63.9,17.72222222
11/1/2017,0,20.15,21.808,55.7,13.16666667
11/2/2017,0,20.017,21.554,59.4,15.22222222
11/3/2017,0,20.737,21.533,75.1,23.94444444
11/4/2017,0,21.096,21.708,67.6,19.77777778
11/5/2017,0,21.446,21.842,71.9,22.16666667
11/6/2017,0,22.1,22.083,79.9,26.61111111
11/7/2017,0.79,22.237,22.346,71.2,21.77777778
11/8/2017,0,21.629,22.375,57.9,14.38888889
11/9/2017,0,20.417,22.058,48.7,9.277777778
11/10/2017,0,19.338,21.5,49.7,9.833333333
11/11/2017,0.09,18.762,20.954,51.4,10.77777778
11/12/2017,0,18.758,20.608,61.6,16.44444444
11/13/2017,0,18.967,20.458,64.8,18.22222222
11/14/2017,0,19.004,20.392,62,16.66666667
11/15/2017,0,19.287,20.346,66.8,19.33333333
11/16/2017,0,19.663,20.454,70.9,21.61111111
11/17/2017,0,19.887,20.563,67.6,19.77777778
11/18/2017,0,20.262,20.667,73.6,23.11111111
11/19/2017,0,20.329,20.858,70.3,21.27777778
11/20/2017,0,19.588,20.771,52.3,11.27777778
11/21/2017,0,18.9,20.471,53.2,11.77777778
11/22/2017,0,18.692,20.192,58,14.44444444
11/23/2017,0,18.308,19.992,51.5,10.83333333
11/24/2017,0,17.858,19.7,49.4,9.666666667
11/25/2017,0,17.792,19.425,58.3,14.61111111
11/26/2017,0,17.887,19.312,62.5,16.94444444
11/27/2017,0,17.9,19.213,60.1,15.61111111
11/28/2017,0,17.975,19.2,62.4,16.88888889
11/29/2017,0,18.15,19.2,64.9,18.27777778
11/30/2017,0,18.138,19.2,61.8,16.55555556
12/1/2017,0,17.912,19.179,60,15.55555556
12/2/2017,0,17.837,19.038,58,14.44444444
12/3/2017,0,18.075,19.021,66.5,19.16666667
12/4/2017,0,18.446,19.142,66.6,19.22222222
12/5/2017,0,18.825,19.3,71.2,21.77777778
12/6/2017,0,18.517,19.4,55.9,13.27777778
12/7/2017,0,17.829,19.225,48.8,9.333333333
12/8/2017,0,16.996,18.908,44.8,7.111111111
12/9/2017,0,16.096,18.433,36.4,2.444444444
12/10/2017,0,15.583,17.971,44.7,7.055555556
12/11/2017,0,15.4,17.613,49.7,9.833333333
12/12/2017,0,15.496,17.408,56.3,13.5
12/13/2017,0,15.4,17.287,52.8,11.55555556
12/14/2017,0,15.283,17.142,52.6,11.44444444
12/15/2017,0.39,15.221,17.017,52.3,11.27777778
12/16/2017,0,14.917,16.867,46.5,8.055555556
12/17/2017,0.01,14.604,16.658,47.3,8.5
12/18/2017,0.64,14.462,16.454,46.9,8.277777778
12/19/2017,0.01,14.458,16.317,49.9,9.944444444
12/20/2017,0,14.767,16.292,55.7,13.16666667
12/21/2017,0.18,15,16.3,57.8,14.33333333
12/22/2017,0,15.183,16.358,59.1,15.05555556
12/23/2017,0,14.933,16.396,51.9,11.05555556
12/24/2017,0,14.242,16.196,39.7,4.277777778
12/25/2017,0,13.537,15.867,42.8,6
12/26/2017,0,12.9,15.471,37.2,2.888888889
12/27/2017,0,12.517,15.104,41.3,5.166666667
12/28/2017,0,12.113,14.775,37.6,3.111111111
12/29/2017,0,11.821,14.467,37.8,3.222222222
12/30/2017,0,11.758,14.217,40.9,4.944444444
12/31/2017,0,11.8,14.088,45.2,7.333333333
1/1/2018,0,11.267,13.896,31.7,-0.166666667
1/2/2018,0,10.421,13.471,23.2,-4.888888889
1/3/2018,0,9.688,13.004,24.3,-4.277777778
1/4/2018,0,9.333,12.575,30.4,-0.888888889
1/5/2018,0,9.288,12.279,37,2.777777778
1/6/2018,0.06,9.546,12.117,44.8,7.111111111
1/7/2018,0.02,10.071,12.129,49.5,9.722222222
1/8/2018,0,10.758,12.296,55.6,13.11111111
1/9/2018,0,11.104,12.529,52.2,11.22222222
1/10/2018,0,11.1,12.625,44.6,7
1/11/2018,0,11.279,12.704,48.8,9.333333333
1/12/2018,0,11.458,12.842,51.8,11
1/13/2018,0,10.929,12.808,32.2,0.111111111
1/14/2018,0,10.471,12.621,35.9,2.166666667
1/15/2018,0,10.238,12.412,40.1,4.5
1/16/2018,0,10.221,12.271,45.4,7.444444444
1/17/2018,0,9.6,12.112,26.7,-2.944444444
1/18/2018,0,8.854,11.767,23.4,-4.777777778
1/19/2018,0,8.504,11.396,31.1,-0.5
1/20/2018,0.01,8.871,11.2,43.5,6.388888889
1/21/2018,0,9.917,11.3,58.9,14.94444444
1/22/2018,0,11.067,11.717,66.4,19.11111111
1/23/2018,0,11.263,12.112,56.7,13.72222222
1/24/2018,0,11.021,12.283,47,8.333333333
1/25/2018,0,10.829,12.3,46.5,8.055555556
1/26/2018,0.13,10.904,12.233,50.2,10.11111111
1/27/2018,0,11.425,12.35,55.6,13.11111111
1/28/2018,0,11.937,12.608,61.7,16.5
1/29/2018,0,11.896,12.788,52.3,11.27777778
1/30/2018,0,11.646,12.8,46.8,8.222222222
1/31/2018,0,11.462,12.788,46.2,7.888888889
2/1/2018,0,11.692,12.75,57,13.88888889
2/2/2018,0,12.046,12.883,58.2,14.55555556
2/3/2018,0,11.992,13,45.4,7.444444444
2/4/2018,0,11.983,13,48.6,9.222222222
2/5/2018,0.23,12.287,13.113,55.8,13.22222222
2/6/2018,0,11.95,13.171,36,2.222222222
2/7/2018,0,11.521,13.046,40.5,4.722222222
2/8/2018,0,11.104,12.842,35.6,2
2/9/2018,0,10.912,12.633,42.2,5.666666667
2/10/2018,0.02,11.342,12.6,54.4,12.44444444
2/11/2018,0,11.433,12.667,47.3,8.5
2/12/2018,0.04,10.85,12.575,31.9,-0.055555556
2/13/2018,0,10.396,12.337,35,1.666666667
2/14/2018,0,10.308,12.138,41.9,5.5
2/15/2018,0,10.862,12.046,52.4,11.33333333
2/16/2018,0.08,12.054,12.346,68.8,20.44444444
2/17/2018,0.35,12.683,12.804,62.2,16.77777778
2/18/2018,0,12.733,13.108,49.7,9.833333333
2/19/2018,1.32,12.779,13.233,52.6,11.44444444
2/20/2018,1.28,13.717,13.492,69,20.55555556
2/21/2018,1.33,14.254,14.325,69.3,20.72222222
2/22/2018,0.53,11.954,13.021,37.6,3.111111111
2/23/2018,0.28,11.275,12.646,36.4,2.444444444
2/24/2018,0,11.454,12.788,43.6,6.444444444
2/25/2018,0,11.883,12.796,52.2,11.22222222
2/26/2018,0.22,12.254,12.962,53.7,12.05555556
2/27/2018,0.19,12.483,13.104,54.8,12.66666667
2/28/2018,0.17,12.9,13.246,58.1,14.5
3/1/2018,0,13.717,13.529,66.2,19
3/2/2018,0,13.883,13.904,60.1,15.61111111
3/3/2018,0,13.921,14.058,56.5,13.61111111
3/4/2018,0,14.233,14.192,61.7,16.5
3/5/2018,0,14.754,14.442,66.8,19.33333333
3/6/2018,0,15.275,14.775,69.6,20.88888889
3/7/2018,0,15.125,14.983,56.3,13.5
3/8/2018,0,14.887,15.083,51.5,10.83333333
3/9/2018,0,14.8,15.079,53.8,12.11111111
3/10/2018,0,15.121,15.121,62.1,16.72222222
3/11/2018,0,15.883,15.337,70.5,21.38888889
3/12/2018,0,16.117,15.671,67.3,19.61111111
3/13/2018,0,15.913,15.8,52.3,11.27777778
3/14/2018,0,15.738,15.8,53.5,11.94444444
3/15/2018,0,15.679,15.8,54.7,12.61111111
3/16/2018,0.16,16.025,15.879,62.7,17.05555556
3/17/2018,0.03,16.742,16.133,72.4,22.44444444
3/18/2018,0,16.983,16.429,68.7,20.38888889
3/19/2018,0.04,17.108,16.633,66.4,19.11111111
3/20/2018,0,17.208,16.775,67.7,19.83333333
3/21/2018,0,17.067,16.896,54.7,12.61111111
3/22/2018,0,16.992,16.9,58.8,14.88888889
3/23/2018,0,17.246,16.958,66.2,19
3/24/2018,0,17.475,17.108,68,20
3/25/2018,0,18.15,17.337,74.8,23.77777778
3/26/2018,0.51,18.417,17.629,71.7,22.05555556
3/27/2018,0.73,18.825,17.896,75.4,24.11111111
3/28/2018,0,18.775,18.396,69.8,21
3/29/2018,0,18.321,18.229,61.6,16.44444444
3/30/2018,0,18.292,18.192,61.7,16.5
3/31/2018,0,18.133,18.104,60.6,15.88888889
4/1/2018,0,18.238,18.1,65.9,18.83333333
4/2/2018,0.04,18.275,18.175,67.7,19.83333333
4/3/2018,0,17.787,18.133,47.5,8.611111111
4/4/2018,0,17.737,,69.3,20.72222222
4/5/2018,0.06,17.396,,54.9,12.72222222
4/6/2018,0,17.296,,59.9,15.5
4/7/2018,0,17.696,,73.6,23.11111111
4/8/2018,0,17.1,,46.6,8.111111111
4/9/2018,0,16.425,,44.2,6.777777778
4/10/2018,0,16.4,,56.3,13.5
4/11/2018,0,16.588,,62,16.66666667
4/12/2018,0.03,16.883,,65.8,18.77777778
4/13/2018,0,17.35,,71.9,22.16666667
4/14/2018,0,17.846,,76.4,24.66666667
4/15/2018,0,17.712,,60.2,15.66666667
4/16/2018,0,17.342,,51.3,10.72222222
4/17/2018,0,17.354,,60.3,15.72222222
4/18/2018,0,17.858,,72.3,22.38888889
4/19/2018,0,18.242,,73,22.77777778
4/20/2018,0.49,18.229,,63.5,17.5
4/21/2018,0,18.058,,59.7,15.38888889
4/22/2018,0,17.892,,61.3,16.27777778
4/23/2018,0,17.821,,59.1,15.05555556
4/24/2018,0.29,17.808,,63.4,17.44444444
4/25/2018,0,18.05,,69.9,21.05555556
4/26/2018,0,17.983,,65,18.33333333
4/27/2018,0,17.812,,57.2,14
4/28/2018,0,17.979,,68.5,20.27777778
4/29/2018,0,18.188,,70,21.11111111
4/30/2018,0,18.538,,75.1,23.94444444
5/1/2018,0,18.808,,73.2,22.88888889
5/2/2018,0.59,19.113,,74.6,23.66666667
5/3/2018,0.68,19.517,,77.2,25.11111111
5/4/2018,0,19.775,19.2,75.5,24.16666667
5/5/2018,0,19.746,,70.9,21.61111111
5/6/2018,0,19.767,,70.9,21.61111111
5/7/2018,0,19.858,,73.5,23.05555556
5/8/2018,0,20.058,,79.3,26.27777778
5/9/2018,0,20.346,,81.1,27.27777778
5/10/2018,0,20.525,,79.5,26.38888889
5/11/2018,0,20.717,,78.3,25.72222222
5/12/2018,0,20.983,,79.8,26.55555556
5/13/2018,0,21.279,,81.4,27.44444444
5/14/2018,0.02,21.592,20.7,81.8,27.66666667
5/15/2018,0,21.846,,82.4,28
5/16/2018,0,21.9,,80.4,26.88888889
5/17/2018,0,21.904,,79.8,26.55555556
5/18/2018,0,22.092,,81.1,27.27777778
5/19/2018,0.74,22.383,,84.5,29.16666667
5/20/2018,0,22.567,,83.6,28.66666667
5/21/2018,0,22.383,,77.6,25.33333333
5/22/2018,0,22.375,,77.2,25.11111111
5/23/2018,0,22.504,,80,26.66666667
5/24/2018,0.36,22.7,,81.8,27.66666667
5/25/2018,0,22.883,,82.2,27.88888889
5/26/2018,0,23.054,,82.6,28.11111111
5/27/2018,0,23.2,,82.8,28.22222222
5/28/2018,0,23.496,,87.5,30.83333333
5/29/2018,0,23.783,,85.8,29.88888889
5/30/2018,0,23.975,,86.9,30.5
5/31/2018,0,24.204,,88,31.11111111
6/1/2018,0,24.471,,87.3,30.72222222
6/2/2018,0,24.696,,88.1,31.16666667
6/3/2018,0.1,25.004,,89.3,31.83333333
6/4/2018,0.06,25.113,,87.5,30.83333333
6/5/2018,0,24.846,,78.9,26.05555556
6/6/2018,0,24.808,,82.5,28.05555556
6/7/2018,0,24.992,,86.6,30.33333333
6/8/2018,0,25.1,,86.7,30.38888889
6/9/2018,0,25.208,,83.4,28.55555556
6/10/2018,0,25.387,,87.3,30.72222222
6/11/2018,0,25.567,24.4,87,30.55555556
6/12/2018,0,25.663,,88.1,31.16666667
6/13/2018,0,25.8,,88.2,31.22222222
6/14/2018,0,25.983,,88.8,31.55555556
6/15/2018,0,26.258,,90,32.22222222
6/16/2018,0,26.458,,88.3,31.27777778
6/17/2018,0,26.538,,88.3,31.27777778
6/18/2018,0.01,26.55,,87.3,30.72222222
6/19/2018,0.13,26.429,,84.2,29
6/20/2018,0.05,26.15,,80.3,26.83333333
6/21/2018,0,25.937,,82,27.77777778
6/22/2018,0,26.083,,86.7,30.38888889
6/23/2018,0,26.462,,91.4,33
6/24/2018,0,26.7,,89.3,31.83333333
6/25/2018,0,26.883,,89.7,32.05555556
6/26/2018,0,26.996,,87.7,30.94444444
6/27/2018,0,27.117,,88.3,31.27777778
6/28/2018,0,27.358,,90.5,32.5
6/29/2018,0,27.538,,91.2,32.88888889
6/30/2018,0,27.692,,90,32.22222222
7/1/2018,0,27.704,,89.8,32.11111111
7/2/2018,0,27.879,,90.1,32.27777778
7/3/2018,0,28.05,,91.9,33.27777778
7/4/2018,0,28.225,,92.5,33.61111111
7/5/2018,0.49,28.179,,86.7,30.38888889
7/6/2018,0,28.192,,85.5,29.72222222
7/7/2018,0,28,,86.5,30.27777778
7/8/2018,0,27.688,,85.3,29.61111111
7/9/2018,0.05,27.504,,87.3,30.72222222
7/10/2018,0.09,27.354,26.8,83.4,28.55555556
7/11/2018,0.28,27.217,,82.5,28.05555556
7/12/2018,0,27.208,,85,29.44444444
7/13/2018,0,27.196,,86.7,30.38888889
7/14/2018,0,27.075,,82.9,28.27777778
7/15/2018,0,27.2,,90.1,32.27777778
7/16/2018,0,27.417,,91,32.77777778
7/17/2018,0,27.683,,91.9,33.27777778
7/18/2018,0,27.9,,93.4,34.11111111
7/19/2018,0,28.229,,94.3,34.61111111
7/20/2018,0,28.592,,96.5,35.83333333
7/21/2018,0,28.879,,97,36.11111111
7/22/2018,0,29.088,,96.6,35.88888889
7/23/2018,0,29.317,,97,36.11111111
7/24/2018,0,29.525,,96.2,35.66666667
7/25/2018,0,29.571,,90.2,32.33333333
7/26/2018,0,29.454,,90.2,32.33333333
7/27/2018,0,29.429,,93.6,34.22222222
7/28/2018,0,29.354,,93.9,34.38888889
7/29/2018,0.01,29.375,,91.9,33.27777778
7/30/2018,0,29.458,,90.4,32.44444444
7/31/2018,0,29.204,,84.5,29.16666667
8/1/2018,0,29.054,,84.7,29.27777778
8/2/2018,0,28.9,,84.1,28.94444444
8/3/2018,0,28.8,,85.8,29.88888889
8/4/2018,0,28.8,,87.8,31
8/5/2018,0,28.837,,88.5,31.38888889
8/6/2018,0,28.987,,88.9,31.61111111
8/7/2018,0,29.125,,89.8,32.11111111
8/8/2018,0.83,29.279,,90.6,32.55555556
8/9/2018,0.35,29.358,,88.9,31.61111111
8/10/2018,2.2,28.9,,86,30
8/11/2018,1.49,28.012,,78.7,25.94444444
8/12/2018,0,26.642,,76.7,24.83333333
8/13/2018,0,26.596,,77.8,25.44444444
8/14/2018,0,26.683,,79.4,26.33333333
8/15/2018,0,26.783,,81.9,27.72222222
8/16/2018,0,27,,87.6,30.88888889
8/17/2018,0.05,27.213,26.9,89.5,31.94444444
8/18/2018,0,27.471,,90.7,32.61111111
8/19/2018,0,27.633,,91.7,33.16666667
8/20/2018,0,27.779,,84.1,28.94444444
8/21/2018,0,27.867,,87.1,30.61111111
8/22/2018,0,27.833,,84.9,29.38888889
8/23/2018,0,27.762,,84.1,28.94444444
8/24/2018,0,27.896,,87.1,30.61111111
8/25/2018,0,28.204,,90.1,32.27777778
8/26/2018,0,28.446,,89.5,31.94444444
8/27/2018,0,28.6,,89.2,31.77777778
8/28/2018,0,28.787,,89.2,31.77777778
8/29/2018,0,28.954,,89.5,31.94444444
8/30/2018,0,29.088,,88.4,31.33333333
8/31/2018,0,29.142,,87.6,30.88888889
9/1/2018,0,29.2,,89.3,31.83333333
9/2/2018,0.28,29.246,,88.7,31.5
9/3/2018,0.39,29.121,,86.7,30.38888889
9/4/2018,0,28.587,,79.9,26.61111111
9/5/2018,0,28.233,,81.1,27.27777778
9/6/2018,0.04,28.008,,82,27.77777778
9/7/2018,0.24,27.937,,81.9,27.72222222
9/8/2018,1.95,27.483,,81.1,27.27777778
9/9/2018,0,27.067,,76.4,24.66666667
9/10/2018,0.06,26.708,,73.9,23.27777778
9/11/2018,0.13,26.262,,73.6,23.11111111
9/12/2018,0.01,25.908,,73,22.77777778
9/13/2018,0,25.867,,76.5,24.72222222
9/14/2018,0.21,25.979,,79.2,26.22222222
9/15/2018,0,26.013,,80.5,26.94444444
9/16/2018,0,26.346,,80.3,26.83333333
9/17/2018,0,26.667,,82.8,28.22222222
9/18/2018,0,26.987,,85.9,29.94444444
9/19/2018,0,27.283,26.76,87,30.55555556
9/20/2018,0.41,27.504,26.896,87.5,30.83333333
9/21/2018,4.14,27.504,27.008,85,29.44444444
9/22/2018,0.03,26.5,26.717,79,26.11111111
9/23/2018,0,26.5,26.783,76.4,24.66666667
9/24/2018,0,26.054,26.613,70.6,21.44444444
9/25/2018,0.02,25.837,26.396,75.2,24
9/26/2018,0.03,25.946,26.3,79.8,26.55555556
9/27/2018,0,25.475,26.158,73.3,22.94444444
9/28/2018,0,25.104,25.896,68.7,20.38888889
9/29/2018,0.17,24.729,25.638,69.3,20.72222222
9/30/2018,0,24.6,25.392,73.2,22.88888889
10/1/2018,0,24.7,25.3,77,25
10/2/2018,0,24.871,25.238,78.5,25.83333333
10/3/2018,0,25.008,25.271,78.1,25.61111111
10/4/2018,0,25.283,25.304,82,27.77777778
10/5/2018,0,25.588,25.446,82.8,28.22222222
10/6/2018,0,25.862,25.579,82.2,27.88888889
10/7/2018,0.1,25.9,25.7,82.1,27.83333333
10/8/2018,0.24,25.825,25.7,79.7,26.5
10/9/2018,1.66,25.338,25.533,77.2,25.11111111
10/10/2018,0,24.646,25.429,70.5,21.38888889
10/11/2018,0,24.155,25.136,66.7,19.27777778
10/12/2018,1.29,23.638,24.825,64.1,17.83333333
10/13/2018,0,22,23,65.3,18.5
10/14/2018,0.63,22.233,23.467,64.5,18.05555556
10/15/2018,1,22.3,23.6,66.8,19.33333333
10/16/2018,0.77,,,48.4,9.111111111
10/17/2018,0.38,,,47.3,8.5
10/18/2018,0,,,52.7,11.5
10/19/2018,0.45,,,59.5,15.27777778
10/20/2018,0,,,60.7,15.94444444
10/21/2018,0,,,63.6,17.55555556
10/22/2018,0,,,60.3,15.72222222
10/23/2018,0,,,57.6,14.22222222
10/24/2018,1.66,,,62.9,17.16666667
10/25/2018,0,,,58.5,14.72222222
10/26/2018,0,,,57.2,14
10/27/2018,0,18.442,19.917,59.7,15.38888889
10/28/2018,0,18.675,19.775,65.5,18.61111111
10/29/2018,0,19.229,19.917,72.1,22.27777778
10/30/2018,0,19.754,20.167,73.2,22.88888889
10/31/2018,0.89,20.065,20.359,75.1,23.94444444
11/1/2018,0,,,66.4,19.11111111
11/2/2018,0,19.475,20.5,56.5,13.61111111
11/3/2018,0.48,19.262,20.371,58.9,14.94444444
11/4/2018,0,19.092,20.258,63.3,17.38888889
11/5/2018,0,18.971,20.129,60.3,15.72222222
11/6/2018,0,18.975,20.054,63.3,17.38888889
11/7/2018,0,19.088,20,66.8,19.33333333
11/8/2018,0.27,19.133,20.038,65.2,18.44444444
11/9/2018,0,18.771,19.979,56.8,13.77777778
11/10/2018,0,18.242,,50.9,10.5
11/11/2018,0,17.633,,44.5,6.944444444
11/12/2018,0.01,16.996,,49.1,9.5
11/13/2018,0,16.429,,45.1,7.277777778
11/14/2018,0.03,15.767,,35.4,1.888888889
11/15/2018,0,15.212,,36,2.222222222
11/16/2018,0,15,,45.1,7.277777778
11/17/2018,0,15.083,,56.2,13.44444444
11/18/2018,0,15.329,,58.3,14.61111111
11/19/2018,0,15.317,,48.9,9.388888889
11/20/2018,0,15.121,,44.2,6.777777778
11/21/2018,0,14.896,,46.5,8.055555556
11/22/2018,0,14.725,,47.1,8.388888889
11/23/2018,0,14.763,,52.1,11.16666667
11/24/2018,0,14.983,,61.9,16.61111111
11/25/2018,0,15.179,,58.7,14.83333333
11/26/2018,0,15.217,,59.5,15.27777778
11/27/2018,0,14.867,,41.6,5.333333333
11/28/2018,0,14.6,,48.3,9.055555556
11/29/2018,0,14.638,,55.1,12.83333333
11/30/2018,0.26,15.05,,63.9,17.72222222
12/1/2018,0,15.621,,69.1,20.61111111
12/2/2018,0,15.8,,66,18.88888889
12/3/2018,0,15.7,,56.6,13.66666667
12/4/2018,0,15.404,,51.1,10.61111111
12/5/2018,0,14.963,,40.7,4.833333333
12/6/2018,0.2,14.642,,43,6.111111111
12/7/2018,0.82,14.567,,51.5,10.83333333
12/8/2018,0.11,14.079,,47.2,8.444444444
12/9/2018,0,13.771,,42.7,5.944444444
12/10/2018,0,13.542,,42.1,5.611111111
12/11/2018,0,13.317,,44,6.666666667
12/12/2018,0,13.2,,47.9,8.833333333
12/13/2018,0.05,13.421,,54.7,12.61111111
12/14/2018,0.02,13.867,,61.2,16.22222222
12/15/2018,0,13.833,,46.1,7.833333333
12/16/2018,0,13.621,,48.6,9.222222222
12/17/2018,0,13.483,,49.8,9.888888889
12/18/2018,0,13.371,,50.1,10.05555556
12/19/2018,0.03,13.304,,48.5,9.166666667
12/20/2018,0,13.467,,54.9,12.72222222
12/21/2018,0,13.471,,54.6,12.55555556
12/22/2018,0,13.346,,50.3,10.16666667
12/23/2018,0,13.258,,54.5,12.5
12/24/2018,0,13.104,,49.6,9.777777778
12/25/2018,0,13.079,,49.1,9.5
12/26/2018,0,13.479,,59.7,15.38888889
12/27/2018,0,14.15,,63.4,17.44444444
12/28/2018,0,14.129,,58.1,14.5
12/29/2018,0,13.721,,42.3,5.722222222
12/30/2018,0.32,13.25,,39.6,4.222222222
12/31/2018,0,12.871,,39.1,3.944444444
1/1/2019,0.88,12.675,,47,8.333333333
1/2/2019,0.32,11.871,,42,5.555555556
1/3/2019,0,10.783,,35.4,1.888888889
1/4/2019,0,10.912,,37.9,3.277777778
1/5/2019,0,11.104,,44.5,6.944444444
1/6/2019,0.01,11.288,,50.3,10.16666667
1/7/2019,0,11.671,,56.8,13.77777778
1/8/2019,0,12.271,,66.8,19.33333333
1/9/2019,0,12.5,,59,15
1/10/2019,0.25,12.421,,52.2,11.22222222
1/11/2019,0,12.25,,47.4,8.555555556
1/12/2019,0,12.2,,49.1,9.5
1/13/2019,0,12.2,,49.2,9.555555556
1/14/2019,0,12.029,,40.9,4.944444444
1/15/2019,0,11.817,,39.4,4.111111111
1/16/2019,0,11.7,,42.2,5.666666667
1/17/2019,0,11.833,,51.7,10.94444444
1/18/2019,0,12.096,,56.3,13.5
1/19/2019,0,12.267,,51.9,11.05555556
1/20/2019,0,12.2,,46.5,8.055555556
1/21/2019,0.02,11.817,,35.1,1.722222222
1/22/2019,0,11.7,,45.3,7.388888889
1/23/2019,0,11.862,,57.5,14.16666667
1/24/2019,0,11.65,,38.3,3.5
1/25/2019,0,11.45,,43.5,6.388888889
1/26/2019,0,11.3,,42.7,5.944444444
1/27/2019,0,11.342,,46.2,7.888888889
1/28/2019,0,11.392,,47,8.333333333
1/29/2019,0,11.479,,52.7,11.5
1/30/2019,0,11.275,,40.5,4.722222222
1/31/2019,0,11.05,,43,6.111111111
2/1/2019,0,11.108,,47.7,8.722222222
2/2/2019,0,11.508,,57.2,14
2/3/2019,0,11.987,,59.2,15.11111111
2/4/2019,0,12.604,,64.1,17.83333333
2/5/2019,0,13.329,,69.4,20.77777778
2/6/2019,0.09,14.046,,70.7,21.5
2/7/2019,0,14.658,,72.5,22.5
2/8/2019,0.14,14.55,,56.6,13.66666667
2/9/2019,0.16,13.633,,31.5,-0.277777778
2/10/2019,0.25,12.888,,37.1,2.833333333
2/11/2019,0,12.421,,39,3.888888889
2/12/2019,0,12.446,,50.3,10.16666667
2/13/2019,0,12.479,,52.5,11.38888889
2/14/2019,0,12.404,,49.3,9.611111111
2/15/2019,0,12.683,,61,16.11111111
2/16/2019,0,13.067,,62.1,16.72222222
2/17/2019,0,12.883,,39.4,4.111111111
2/18/2019,0.28,12.75,,45.1,7.277777778
2/19/2019,0,12.458,,42.1,5.611111111
2/20/2019,0.01,12.025,,39,3.888888889
2/21/2019,0.07,11.9,,43.6,6.444444444
2/22/2019,0,11.9,,48.4,9.111111111
2/23/2019,0,11.912,,48.6,9.222222222
2/24/2019,0,12.138,,56.6,13.66666667
2/25/2019,0,12.158,,50.7,10.38888889
2/26/2019,0,12.113,,50.7,10.38888889
2/27/2019,0,12.367,,55.9,13.27777778
2/28/2019,0,12.625,,57.2,14
3/1/2019,0.02,12.342,,33.8,1
3/2/2019,0.05,12.025,,37.6,3.111111111
3/3/2019,0,11.829,,42.1,5.611111111
3/4/2019,0,11.575,,39.6,4.222222222
3/5/2019,0,11.05,,27.7,-2.388888889
3/6/2019,0,10.642,,32,0
3/7/2019,0,10.583,,39.7,4.277777778
3/8/2019,0.09,11.087,,56.3,13.5
3/9/2019,0,11.996,,68.6,20.33333333
3/10/2019,0,12.858,,72.7,22.61111111
3/11/2019,0.04,13.092,,59,15
3/12/2019,0.34,13.254,,56.5,13.61111111
3/13/2019,0.04,13.621,,60.2,15.66666667
3/14/2019,0,14.112,,64.8,18.22222222
3/15/2019,0,14.387,,61.9,16.61111111
3/16/2019,0,14.308,,52.8,11.55555556
3/17/2019,0,14.096,,51.2,10.66666667
3/18/2019,0,13.979,,53.2,11.77777778
3/19/2019,0,14.029,,57.2,14
3/20/2019,0,14.183,,61.3,16.27777778
3/21/2019,0,14.279,,60.4,15.77777778
3/22/2019,0.01,14.475,,61.1,16.16666667
3/23/2019,0,14.742,,64.2,17.88888889
3/24/2019,0.05,15.046,,66.9,19.38888889
3/25/2019,0,15.5,,70.7,21.5
3/26/2019,0,15.933,,67.2,19.55555556
3/27/2019,0,16.029,,62,16.66666667
3/28/2019,0,16.1,,63.9,17.72222222
3/29/2019,0,16.262,,67,19.44444444
3/30/2019,0,16.454,,68.9,20.5
3/31/2019,0,16.429,,60.6,15.88888889
4/1/2019,0,16.096,,48.7,9.277777778
4/2/2019,0,15.804,,50.6,10.33333333
4/3/2019,0,15.792,,56.5,13.61111111
4/4/2019,0,15.846,,61.2,16.22222222
4/5/2019,0.47,16.242,,69.7,20.94444444
4/6/2019,0.28,16.658,,67,19.44444444
4/7/2019,0,16.883,,66.3,19.05555556
4/8/2019,0,16.971,,66,18.88888889
4/9/2019,0,17.261,16.893,69.2,20.66666667
4/10/2019,0,17.588,17.067,73.1,22.83333333
4/11/2019,0,17.925,17.296,78.3,25.72222222
4/12/2019,1.5,17.958,17.492,69.4,20.77777778
4/13/2019,0.05,17.5,17.542,59.3,15.16666667
4/14/2019,0,17.238,17.508,60.1,15.61111111
4/15/2019,0,17.154,17.442,53.6,12
4/16/2019,0,17.221,17.4,65.5,18.61111111
4/17/2019,0.49,17.483,17.417,69.9,21.05555556
4/18/2019,0,17.8,17.542,72.9,22.72222222
4/19/2019,0,17.954,17.7,68,20
4/20/2019,0,17.821,17.8,59.6,15.33333333
4/21/2019,0,17.787,17.8,63.1,17.27777778
4/22/2019,0.06,17.979,17.821,71,21.66666667
4/23/2019,1.26,18.233,17.958,72.2,22.33333333
4/24/2019,0,18.508,18.213,72.3,22.38888889
4/25/2019,0,18.621,18.496,65.5,18.61111111
4/26/2019,0,18.617,18.4,68,20
4/27/2019,0.13,18.7,18.446,71,21.66666667
4/28/2019,0,18.817,18.533,73.5,23.05555556
4/29/2019,0.01,19.075,18.633,75,23.88888889
4/30/2019,0.06,19.317,18.812,74.9,23.83333333
5/1/2019,0.61,19.642,18.967,77.6,25.33333333
5/2/2019,0,19.9,19.171,77.8,25.44444444
5/3/2019,0.15,19.896,19.346,68.9,20.5
5/4/2019,0,19.879,19.4,70.1,21.16666667
5/5/2019,0,19.9,19.442,71.4,21.88888889
5/6/2019,0,20.042,19.55,71.2,21.77777778
5/7/2019,1.15,20.208,19.688,77.3,25.16666667
5/8/2019,0,20.567,20.279,76.9,24.94444444
5/9/2019,0.01,20.467,20.25,69.1,20.61111111
5/10/2019,1.28,20.337,20.1,67.5,19.72222222
5/11/2019,0,19.067,19.546,56.4,13.55555556
5/12/2019,0,19.083,19.571,59.4,15.22222222
5/13/2019,0,19.208,19.517,66.6,19.22222222
5/14/2019,0,19.404,19.5,72.7,22.61111111
5/15/2019,0,19.721,19.546,75.5,24.16666667
5/16/2019,0,20.054,19.713,77.6,25.33333333
5/17/2019,0.19,20.371,19.854,79.5,26.38888889
5/18/2019,0,20.667,20.033,78.5,25.83333333
5/19/2019,0,20.887,20.221,75.9,24.38888889
5/20/2019,0.02,21.113,20.4,77.3,25.16666667
5/21/2019,0,21.362,20.608,80,26.66666667
5/22/2019,0,21.471,20.75,78.2,25.66666667
5/23/2019,0,21.596,20.904,78.7,25.94444444
5/24/2019,0,21.954,21.067,83.7,28.72222222
5/25/2019,0,22.279,21.296,83.6,28.66666667
5/26/2019,0,22.542,21.513,82.3,27.94444444
5/27/2019,0,22.704,21.713,82.2,27.88888889
5/28/2019,0.09,22.879,21.892,81.8,27.66666667
5/29/2019,0,22.912,22.038,80.8,27.11111111
5/30/2019,0,23,22.154,80.9,27.16666667
5/31/2019,0.41,23.004,22.262,75.6,24.22222222
6/1/2019,0.18,22.846,22.3,77.3,25.16666667
6/2/2019,0,22.9,22.3,79.5,26.38888889
6/3/2019,0,22.962,22.333,75.6,24.22222222
6/4/2019,0.25,23.287,22.45,82.7,28.16666667
6/5/2019,0,23.487,22.6,82,27.77777778
6/6/2019,0,23.5,22.75,78.7,25.94444444
6/7/2019,0,23.671,22.846,79.1,26.16666667
6/8/2019,0.07,23.704,22.946,77.6,25.33333333
6/9/2019,0,23.887,23.029,82.9,28.27777778
6/10/2019,0,24,23.133,82.7,28.16666667
6/11/2019,0,23.962,23.233,78,25.55555556
6/12/2019,0,23.679,23.213,74.2,23.44444444
6/13/2019,0,23.487,23.175,75.2,24
6/14/2019,0,23.5,23.1,77.8,25.44444444
6/15/2019,0.64,23.725,23.138,81.2,27.33333333
6/16/2019,0,24.163,23.504,84.9,29.38888889
6/17/2019,0,23.879,23.729,77,25
6/18/2019,0.1,23.775,23.45,74.7,23.72222222
6/19/2019,0,23.912,23.4,82.8,28.22222222
6/20/2019,0,24.242,23.492,84.8,29.33333333
6/21/2019,0,24.642,23.671,87.5,30.83333333
6/22/2019,0.55,25.004,23.887,88.3,31.27777778
6/23/2019,0.05,25.233,24.104,87,30.55555556
6/24/2019,0,25.533,24.646,86.9,30.5
6/25/2019,0,25.188,24.5,76.5,24.72222222
6/26/2019,0,25.171,24.5,81.3,27.38888889
6/27/2019,0,25.2,24.504,82.2,27.88888889
6/28/2019,0.75,25.283,24.596,81,27.22222222
6/29/2019,0,25.567,24.879,84.2,29
6/30/2019,0,25.738,25.167,86.8,30.44444444
7/1/2019,0,25.433,24.946,78.1,25.61111111
7/2/2019,0.04,25.475,24.9,82.1,27.83333333
7/3/2019,0,25.592,24.917,82.1,27.83333333
7/4/2019,0,25.608,25,82.4,28
7/5/2019,0.48,25.792,25.021,83.8,28.77777778
7/6/2019,0,25.979,25.121,85.7,29.83333333
7/7/2019,0,26.117,25.242,86.7,30.38888889
7/8/2019,0,26.383,25.354,85.9,29.94444444
7/9/2019,0,26.517,25.521,87.5,30.83333333
7/10/2019,0,26.708,25.654,86.9,30.5
7/11/2019,0,26.987,25.812,88.8,31.55555556
7/12/2019,0,27.158,25.992,84.5,29.16666667
7/13/2019,0.01,27.267,26.138,86,30
7/14/2019,0,27.342,26.279,85.7,29.83333333
7/15/2019,0,27.258,26.333,82.7,28.16666667
7/16/2019,0,27.333,26.425,83,28.33333333
7/17/2019,0,27.65,26.529,89,31.66666667
7/18/2019,0,27.883,26.671,88.7,31.5
7/19/2019,0,28.113,26.837,88.3,31.27777778
7/20/2019,0,28.304,26.992,88.6,31.44444444
7/21/2019,0,28.458,27.154,88.3,31.27777778
7/22/2019,0,28.596,27.329,88.6,31.44444444
7/23/2019,0,28.696,27.433,88,31.11111111
7/24/2019,0,28.608,27.525,83.5,28.61111111
7/25/2019,0,28.412,27.517,80.7,27.05555556
7/26/2019,0,28.213,27.492,79.6,26.44444444
7/27/2019,0,28.054,27.412,80.7,27.05555556
7/28/2019,0,28.029,27.4,83.3,28.5
7/29/2019,0,28.296,27.417,87.1,30.61111111
7/30/2019,0,28.492,27.492,86.9,30.5
7/31/2019,0,28.692,27.613,90.5,32.5
8/1/2019,0,28.817,27.742,87.6,30.88888889
8/2/2019,0.39,28.858,27.829,88.2,31.22222222
8/3/2019,0.02,28.892,27.9,87.9,31.05555556
8/4/2019,0,28.65,27.9,84.7,29.27777778
8/5/2019,0,28.442,27.808,84.2,29
8/6/2019,0,28.458,27.8,87.5,30.83333333
8/7/2019,0,28.592,27.817,90.3,32.38888889
8/8/2019,0,28.779,27.871,91.4,33
8/9/2019,0,28.812,27.975,90,32.22222222
8/10/2019,0,29.013,28.05,90.8,32.66666667
8/11/2019,0,29.217,28.208,91.3,32.94444444
8/12/2019,0,29.4,28.329,91.4,33
8/13/2019,0.2,29.667,28.45,91.9,33.27777778
8/14/2019,0,29.867,28.579,92.4,33.55555556
8/15/2019,0,29.75,28.704,88.1,31.16666667
8/16/2019,0,29.758,28.729,89.2,31.77777778
8/17/2019,0,29.917,28.825,90.7,32.61111111
8/18/2019,0,30.113,28.929,90.5,32.5
8/19/2019,0,30.292,29.042,90.3,32.38888889
8/20/2019,0,30.404,29.154,91.2,32.88888889
8/21/2019,0,30.529,29.312,92.5,33.61111111
8/22/2019,0.17,30.629,29.429,90.9,32.72222222
8/23/2019,0,30.7,29.525,90.5,32.5
8/24/2019,0,30.729,29.579,88.7,31.5
8/25/2019,0,30.646,29.621,85.9,29.94444444
8/26/2019,0.48,30.688,29.646,87.4,30.77777778
8/27/2019,0,30.808,29.7,91.7,33.16666667
8/28/2019,0,30.367,29.696,84,28.88888889
8/29/2019,0,29.917,29.521,83.6,28.66666667
8/30/2019,0.09,29.896,29.321,88.2,31.22222222
8/31/2019,0,29.725,29.229,84.6,29.22222222
9/1/2019,0,29.146,29.058,77.7,25.38888889
9/2/2019,0,29,28.842,83,28.33333333
9/3/2019,0,29.142,28.754,87,30.55555556
9/4/2019,0,29.367,28.758,88,31.11111111
9/5/2019,0,29.458,28.829,88.3,31.27777778
9/6/2019,0,29.533,28.892,88.4,31.33333333
9/7/2019,0,29.742,28.933,89.5,31.94444444
9/8/2019,0,29.9,29.033,90.7,32.61111111
9/9/2019,0,30.054,29.125,89.7,32.05555556
9/10/2019,0,30.1,29.2,87.7,30.94444444
9/11/2019,0,30.108,29.229,85.7,29.83333333
9/12/2019,0,30.05,29.258,84.6,29.22222222
9/13/2019,0,30,29.25,84.5,29.16666667
9/14/2019,0,30.054,29.267,88,31.11111111
9/15/2019,0,30.1,29.3,87.9,31.05555556
9/16/2019,0,30.196,29.325,88.7,31.5
9/17/2019,0,30.204,29.379,88.1,31.16666667
9/18/2019,0,30.158,29.4,85.8,29.88888889
9/19/2019,0.35,30.017,29.333,84.6,29.22222222
9/20/2019,0,29.554,29.233,79.1,26.16666667
9/21/2019,0,29.246,29.092,82,27.77777778
9/22/2019,0,29.063,28.925,84,28.88888889
9/23/2019,0,29,28.812,84.9,29.38888889
9/24/2019,0,29.179,28.762,85.5,29.72222222
9/25/2019,0,29.292,28.8,85.8,29.88888889
9/26/2019,0,29.412,28.829,86.6,30.33333333
9/27/2019,0.28,29.492,28.9,86.1,30.05555556
9/28/2019,0,29.533,28.917,85.3,29.61111111
9/29/2019,0,29.696,28.983,85.6,29.77777778
9/30/2019,0,29.621,29,86.1,30.05555556
10/1/2019,0,29.467,29,84.7,29.27777778
10/2/2019,0,29.5,28.979,85.4,29.66666667
10/3/2019,0,29.521,28.996,85.8,29.88888889
10/4/2019,0,29.592,29,86.6,30.33333333
10/5/2019,0,29.487,29,83.3,28.5
10/6/2019,0,29.433,29,81.6,27.55555556
10/7/2019,0,29.404,28.962,86.2,30.11111111
10/8/2019,0,28.996,28.858,71.2,21.77777778
10/9/2019,0.56,28.438,28.633,69.8,21
10/10/2019,0.53,28.071,28.358,73.5,23.05555556
10/11/2019,0,27.833,28.175,82.7,28.16666667
10/12/2019,0,26.508,27.767,57.5,14.16666667
10/13/2019,0.05,25.229,27.05,54.3,12.38888889
10/14/2019,0.12,24.662,26.383,64.4,18
10/15/2019,0,24.4,25.892,67.3,19.61111111
10/16/2019,0,24.429,25.613,75.3,24.05555556
10/17/2019,0,24.025,25.371,66.4,19.11111111
10/18/2019,0.04,23.379,25.046,59.9,15.5
10/19/2019,0.72,23.046,24.708,62.7,17.05555556
10/20/2019,0.71,23.088,24.442,71.6,22
10/21/2019,0,23.321,24.329,71.3,21.83333333
10/22/2019,0,23.171,24.271,69.7,20.94444444
10/23/2019,1.07,22.642,24.071,61.6,16.44444444
10/24/2019,0.33,22.362,23.783,66.5,19.16666667
10/25/2019,0,22.175,23.575,67.3,19.61111111
10/26/2019,0,21.438,23.254,49.8,9.888888889
10/27/2019,0.02,21.004,22.842,55.1,12.83333333
10/28/2019,0.21,20.75,22.513,61.8,16.55555556
10/29/2019,0.18,20.542,22.25,60.9,16.05555556
10/30/2019,0,20.075,21.979,49,9.444444444
10/31/2019,0,19.304,21.588,44.6,7
11/1/2019,0,18.55,21.121,40.2,4.555555556
11/2/2019,0,17.987,20.633,45.5,7.5
11/3/2019,0,17.663,20.2,50.3,10.16666667
11/4/2019,0,17.5,19.875,52.3,11.27777778
11/5/2019,0,17.75,19.704,62.3,16.83333333
11/6/2019,0.49,18.154,19.696,65.2,18.44444444
11/7/2019,0,18.583,19.754,67.6,19.77777778
11/8/2019,0,18.575,19.879,59.2,15.11111111
11/9/2019,0,18.092,19.767,47,8.333333333
11/10/2019,0.04,17.758,19.517,51.8,11
11/11/2019,0.01,17.758,19.337,61.1,16.16666667
11/12/2019,0,17.642,19.233,56.9,13.83333333
11/13/2019,0.02,16.917,19.038,30.7,-0.722222222
11/14/2019,0,16.196,18.625,35.4,1.888888889
11/15/2019,0,15.875,18.242,46.6,8.111111111
11/16/2019,0,15.621,17.937,48.2,9
11/17/2019,0,15.446,17.679,49.1,9.5
11/18/2019,0,15.4,17.483,54.3,12.38888889
11/19/2019,0,15.467,17.362,55.7,13.16666667
11/20/2019,0.11,15.667,17.3,62.7,17.05555556
11/21/2019,0.25,16.058,17.342,66.8,19.33333333
11/22/2019,0,16.621,17.504,71.4,21.88888889
11/23/2019,0,16.712,17.679,53,11.66666667
11/24/2019,0,16.346,17.7,45.5,7.5
11/25/2019,0.06,16.054,17.575,52.4,11.33333333
11/26/2019,0.02,16.029,17.475,60.6,15.88888889
11/27/2019,0.33,16.196,17.421,65.1,18.38888889
11/28/2019,0.15,16.138,17.467,52.5,11.38888889
11/29/2019,0.41,15.867,17.371,47.8,8.777777778
11/30/2019,0,15.783,17.242,49.7,9.833333333
12/1/2019,0,16.171,17.229,70,21.11111111
12/2/2019,0,16.025,17.296,,
12/3/2019,0,15.604,17.163,,
12/4/2019,0,15.283,16.979,,
12/5/2019,0,15.196,16.804,,
12/6/2019,0,15.279,16.7,,
12/7/2019,0,15.429,16.7,,
12/8/2019,0,15.346,16.7,,
12/9/2019,0.32,15.329,16.625,,
12/10/2019,0,15.558,16.65,,
12/11/2019,,15.331,16.694,,
